policy,param,N0,K,seed,admitted,never_admitted,wait_sum_cycles,dg_violations,completed,dc_misses,dc_ev_cycles
acbs,25,0,1,1,1,0,0,0,1,0,103
acbs,25,0,1,2,1,0,0,0,1,0,103
acbs,25,0,1,3,1,0,0,0,1,0,103
acbs,25,0,1,4,1,0,0,0,1,0,103
acbs,25,0,1,5,1,0,0,0,1,0,103
acbs,25,0,1,6,1,0,0,0,1,0,103
acbs,25,0,1,7,1,0,0,0,1,0,103
acbs,25,0,1,8,1,0,0,0,1,0,103
acbs,25,0,1,9,1,0,0,0,1,0,103
acbs,25,0,1,10,1,0,0,0,1,0,103
acbs,25,0,1,11,1,0,0,0,1,0,103
acbs,25,0,1,12,1,0,0,0,1,0,103
acbs,25,0,1,13,1,0,0,0,1,0,103
acbs,25,0,1,14,1,0,0,0,1,0,103
acbs,25,0,1,15,1,0,0,0,1,0,103
acbs,25,0,1,16,1,0,0,0,1,0,103
acbs,25,0,1,17,1,0,0,0,1,0,103
acbs,25,0,1,18,1,0,0,0,1,0,103
acbs,25,0,1,19,1,0,0,0,1,0,103
acbs,25,0,1,20,1,0,0,0,1,0,103
acbs,25,0,2,1,2,0,0,0,2,0,206
acbs,25,0,2,2,2,0,0,0,2,0,206
acbs,25,0,2,3,2,0,0,0,2,0,206
acbs,25,0,2,4,2,0,0,0,2,0,206
acbs,25,0,2,5,2,0,0,0,2,0,206
acbs,25,0,2,6,2,0,0,0,2,0,206
acbs,25,0,2,7,2,0,0,0,2,0,206
acbs,25,0,2,8,2,0,0,0,2,0,206
acbs,25,0,2,9,2,0,0,0,2,0,206
acbs,25,0,2,10,2,0,0,0,2,0,206
acbs,25,0,2,11,2,0,0,0,2,0,206
acbs,25,0,2,12,2,0,0,0,2,0,206
acbs,25,0,2,13,2,0,0,0,2,0,206
acbs,25,0,2,14,2,0,0,0,2,0,206
acbs,25,0,2,15,2,0,0,0,2,0,206
acbs,25,0,2,16,2,0,0,0,2,0,206
acbs,25,0,2,17,2,0,0,0,2,0,206
acbs,25,0,2,18,2,0,0,0,2,0,206
acbs,25,0,2,19,2,0,0,0,2,0,206
acbs,25,0,2,20,2,0,0,0,2,0,206
acbs,25,0,5,1,5,0,0,0,5,0,515
acbs,25,0,5,2,5,0,0,0,5,0,515
acbs,25,0,5,3,5,0,0,0,5,0,515
acbs,25,0,5,4,5,0,0,0,5,0,515
acbs,25,0,5,5,5,0,0,0,5,0,515
acbs,25,0,5,6,5,0,0,0,5,0,515
acbs,25,0,5,7,5,0,0,0,5,0,515
acbs,25,0,5,8,5,0,0,0,5,0,515
acbs,25,0,5,9,5,0,0,0,5,0,515
acbs,25,0,5,10,5,0,0,0,5,0,515
acbs,25,0,5,11,5,0,0,0,5,0,515
acbs,25,0,5,12,5,0,0,0,5,0,515
acbs,25,0,5,13,5,0,0,0,5,0,515
acbs,25,0,5,14,5,0,0,0,5,0,515
acbs,25,0,5,15,5,0,0,0,5,0,515
acbs,25,0,5,16,5,0,0,0,5,0,515
acbs,25,0,5,17,5,0,0,0,5,0,515
acbs,25,0,5,18,5,0,0,0,5,0,515
acbs,25,0,5,19,5,0,0,0,5,0,515
acbs,25,0,5,20,5,0,0,0,5,0,515
acbs,25,0,10,1,10,0,0,0,10,0,1030
acbs,25,0,10,2,10,0,0,0,10,0,1030
acbs,25,0,10,3,10,0,0,0,10,0,1030
acbs,25,0,10,4,10,0,0,0,10,0,1030
acbs,25,0,10,5,10,0,0,0,10,0,1030
acbs,25,0,10,6,10,0,0,0,10,0,1030
acbs,25,0,10,7,10,0,0,0,10,0,1030
acbs,25,0,10,8,10,0,0,0,10,0,1030
acbs,25,0,10,9,10,0,0,0,10,0,1030
acbs,25,0,10,10,10,0,0,0,10,0,1030
acbs,25,0,10,11,10,0,0,0,10,0,1030
acbs,25,0,10,12,10,0,0,0,10,0,1030
acbs,25,0,10,13,10,0,0,0,10,0,1030
acbs,25,0,10,14,10,0,0,0,10,0,1030
acbs,25,0,10,15,10,0,0,0,10,0,1030
acbs,25,0,10,16,10,0,0,0,10,0,1030
acbs,25,0,10,17,10,0,0,0,10,0,1030
acbs,25,0,10,18,10,0,0,0,10,0,1030
acbs,25,0,10,19,10,0,0,0,10,0,1030
acbs,25,0,10,20,10,0,0,0,10,0,1030
acbs,25,0,20,1,20,0,0,0,20,0,2060
acbs,25,0,20,2,20,0,0,0,20,0,2060
acbs,25,0,20,3,20,0,0,0,20,0,2060
acbs,25,0,20,4,20,0,0,0,20,0,2060
acbs,25,0,20,5,20,0,0,0,20,0,2060
acbs,25,0,20,6,20,0,0,0,20,0,2060
acbs,25,0,20,7,20,0,0,0,20,0,2060
acbs,25,0,20,8,20,0,0,0,20,0,2060
acbs,25,0,20,9,20,0,0,0,20,0,2060
acbs,25,0,20,10,20,0,0,0,20,0,2059
acbs,25,0,20,11,20,0,0,0,20,0,2060
acbs,25,0,20,12,20,0,0,0,20,0,2060
acbs,25,0,20,13,20,0,0,0,20,0,2060
acbs,25,0,20,14,20,0,0,0,20,0,2060
acbs,25,0,20,15,20,0,0,0,20,0,2060
acbs,25,0,20,16,20,0,0,0,20,0,2060
acbs,25,0,20,17,20,0,0,0,20,0,2060
acbs,25,0,20,18,20,0,0,0,20,0,2060
acbs,25,0,20,19,20,0,0,0,20,0,2060
acbs,25,0,20,20,20,0,0,0,20,0,2060
acbs,25,0,35,1,35,0,0,0,35,0,3605
acbs,25,0,35,2,35,0,0,0,35,0,3605
acbs,25,0,35,3,35,0,0,0,35,0,3605
acbs,25,0,35,4,35,0,0,0,35,0,3605
acbs,25,0,35,5,35,0,0,0,35,0,3605
acbs,25,0,35,6,35,0,0,0,35,0,3604
acbs,25,0,35,7,35,0,0,0,35,0,3605
acbs,25,0,35,8,35,0,0,0,35,0,3605
acbs,25,0,35,9,35,0,0,0,35,0,3605
acbs,25,0,35,10,35,0,0,0,35,0,3604
acbs,25,0,35,11,35,0,0,0,35,0,3605
acbs,25,0,35,12,35,0,0,0,35,0,3605
acbs,25,0,35,13,35,0,0,0,35,0,3605
acbs,25,0,35,14,35,0,0,0,35,0,3605
acbs,25,0,35,15,35,0,0,0,35,0,3605
acbs,25,0,35,16,35,0,0,0,35,0,3605
acbs,25,0,35,17,35,0,0,0,35,0,3605
acbs,25,0,35,18,35,0,0,0,35,0,3605
acbs,25,0,35,19,35,0,0,0,35,0,3605
acbs,25,0,35,20,35,0,0,0,35,0,3605
acbs,25,15,1,1,1,0,0,0,1,0,1903
acbs,25,15,1,2,1,0,0,0,1,0,1903
acbs,25,15,1,3,1,0,0,0,1,0,1903
acbs,25,15,1,4,1,0,0,0,1,0,1903
acbs,25,15,1,5,1,0,0,0,1,0,1903
acbs,25,15,1,6,1,0,0,0,1,0,1903
acbs,25,15,1,7,1,0,0,0,1,0,1903
acbs,25,15,1,8,1,0,0,0,1,0,1903
acbs,25,15,1,9,1,0,0,0,1,0,1903
acbs,25,15,1,10,1,0,0,0,1,0,1903
acbs,25,15,1,11,1,0,0,0,1,0,1903
acbs,25,15,1,12,1,0,0,0,1,0,1903
acbs,25,15,1,13,1,0,0,0,1,0,1903
acbs,25,15,1,14,1,0,0,0,1,0,1903
acbs,25,15,1,15,1,0,0,0,1,0,1903
acbs,25,15,1,16,1,0,0,0,1,0,1903
acbs,25,15,1,17,1,0,0,0,1,0,1903
acbs,25,15,1,18,1,0,0,0,1,0,1903
acbs,25,15,1,19,1,0,0,0,1,0,1903
acbs,25,15,1,20,1,0,0,0,1,0,1903
acbs,25,15,2,1,2,0,0,0,2,0,2006
acbs,25,15,2,2,2,0,0,0,2,0,2006
acbs,25,15,2,3,2,0,0,0,2,0,2006
acbs,25,15,2,4,2,0,0,0,2,0,2006
acbs,25,15,2,5,2,0,0,0,2,0,2006
acbs,25,15,2,6,2,0,0,0,2,0,2006
acbs,25,15,2,7,2,0,0,0,2,0,2006
acbs,25,15,2,8,2,0,0,0,2,0,2006
acbs,25,15,2,9,2,0,0,0,2,0,2006
acbs,25,15,2,10,2,0,0,0,2,0,2006
acbs,25,15,2,11,2,0,0,0,2,0,2006
acbs,25,15,2,12,2,0,0,0,2,0,2006
acbs,25,15,2,13,2,0,0,0,2,0,2006
acbs,25,15,2,14,2,0,0,0,2,0,2006
acbs,25,15,2,15,2,0,0,0,2,0,2006
acbs,25,15,2,16,2,0,0,0,2,0,2006
acbs,25,15,2,17,2,0,0,0,2,0,2006
acbs,25,15,2,18,2,0,0,0,2,0,2006
acbs,25,15,2,19,2,0,0,0,2,0,2006
acbs,25,15,2,20,2,0,0,0,2,0,2006
acbs,25,15,5,1,5,0,0,0,5,0,2315
acbs,25,15,5,2,5,0,0,0,5,0,2315
acbs,25,15,5,3,5,0,0,0,5,0,2315
acbs,25,15,5,4,5,0,0,0,5,0,2315
acbs,25,15,5,5,5,0,0,0,5,0,2315
acbs,25,15,5,6,5,0,0,0,5,0,2315
acbs,25,15,5,7,5,0,0,0,5,0,2315
acbs,25,15,5,8,5,0,0,0,5,0,2315
acbs,25,15,5,9,5,0,0,0,5,0,2315
acbs,25,15,5,10,5,0,0,0,5,0,2315
acbs,25,15,5,11,5,0,0,0,5,0,2315
acbs,25,15,5,12,5,0,0,0,5,0,2315
acbs,25,15,5,13,5,0,0,0,5,0,2315
acbs,25,15,5,14,5,0,0,0,5,0,2315
acbs,25,15,5,15,5,0,0,0,5,0,2315
acbs,25,15,5,16,5,0,0,0,5,0,2315
acbs,25,15,5,17,5,0,0,0,5,0,2315
acbs,25,15,5,18,5,0,0,0,5,0,2315
acbs,25,15,5,19,5,0,0,0,5,0,2315
acbs,25,15,5,20,5,0,0,0,5,0,2315
acbs,25,15,10,1,10,0,0,0,10,0,2830
acbs,25,15,10,2,10,0,0,0,10,0,2830
acbs,25,15,10,3,10,0,0,0,10,0,2830
acbs,25,15,10,4,10,0,0,0,10,0,2830
acbs,25,15,10,5,10,0,0,0,10,0,2830
acbs,25,15,10,6,10,0,0,0,10,0,2830
acbs,25,15,10,7,10,0,0,0,10,0,2830
acbs,25,15,10,8,10,0,0,0,10,0,2830
acbs,25,15,10,9,10,0,0,0,10,0,2830
acbs,25,15,10,10,10,0,0,0,10,0,2830
acbs,25,15,10,11,10,0,0,0,10,0,2830
acbs,25,15,10,12,10,0,0,0,10,0,2830
acbs,25,15,10,13,10,0,0,0,10,0,2830
acbs,25,15,10,14,10,0,0,0,10,0,2830
acbs,25,15,10,15,10,0,0,0,10,0,2830
acbs,25,15,10,16,10,0,0,0,10,0,2830
acbs,25,15,10,17,10,0,0,0,10,0,2830
acbs,25,15,10,18,10,0,0,0,10,0,2830
acbs,25,15,10,19,10,0,0,0,10,0,2830
acbs,25,15,10,20,10,0,0,0,10,0,2830
acbs,25,15,20,1,20,0,0,0,20,0,3860
acbs,25,15,20,2,20,0,0,0,20,0,3860
acbs,25,15,20,3,20,0,0,0,20,0,3860
acbs,25,15,20,4,20,0,0,0,20,0,3860
acbs,25,15,20,5,20,0,0,0,20,0,3860
acbs,25,15,20,6,20,0,0,0,20,0,3860
acbs,25,15,20,7,20,0,0,0,20,0,3860
acbs,25,15,20,8,20,0,0,0,20,0,3860
acbs,25,15,20,9,20,0,0,0,20,0,3860
acbs,25,15,20,10,20,0,0,0,20,0,3860
acbs,25,15,20,11,20,0,0,0,20,0,3860
acbs,25,15,20,12,20,0,0,0,20,0,3860
acbs,25,15,20,13,20,0,0,0,20,0,3860
acbs,25,15,20,14,20,0,0,0,20,0,3860
acbs,25,15,20,15,20,0,0,0,20,0,3860
acbs,25,15,20,16,20,0,0,0,20,0,3860
acbs,25,15,20,17,20,0,0,0,20,0,3860
acbs,25,15,20,18,20,0,0,0,20,0,3860
acbs,25,15,20,19,20,0,0,0,20,0,3860
acbs,25,15,20,20,20,0,0,0,20,0,3860
acbs,25,15,35,1,23,12,1440,0,23,0,4169
acbs,25,15,35,2,23,12,1440,0,23,1,4169
acbs,25,15,35,3,23,12,1440,0,23,0,4169
acbs,25,15,35,4,23,12,1440,0,23,0,4169
acbs,25,15,35,5,23,12,1440,0,23,0,4169
acbs,25,15,35,6,23,12,1440,0,23,0,4169
acbs,25,15,35,7,23,12,1440,0,23,0,4169
acbs,25,15,35,8,23,12,1440,0,23,0,4169
acbs,25,15,35,9,23,12,1440,0,23,0,4169
acbs,25,15,35,10,23,12,1440,0,23,0,4169
acbs,25,15,35,11,23,12,1440,0,23,0,4169
acbs,25,15,35,12,23,12,1440,0,23,0,4169
acbs,25,15,35,13,23,12,1440,0,23,0,4169
acbs,25,15,35,14,23,12,1440,0,23,1,4169
acbs,25,15,35,15,23,12,1440,0,23,1,4169
acbs,25,15,35,16,23,12,1440,0,23,1,4169
acbs,25,15,35,17,23,12,1440,0,23,0,4169
acbs,25,15,35,18,23,12,1440,0,23,1,4169
acbs,25,15,35,19,23,12,1440,0,23,1,4169
acbs,25,15,35,20,23,12,1440,0,23,0,4169
acbs,25,30,1,1,1,0,0,0,1,0,3703
acbs,25,30,1,2,1,0,0,0,1,0,3703
acbs,25,30,1,3,1,0,0,0,1,0,3703
acbs,25,30,1,4,1,0,0,0,1,0,3703
acbs,25,30,1,5,1,0,0,0,1,0,3703
acbs,25,30,1,6,1,0,0,0,1,0,3703
acbs,25,30,1,7,1,0,0,0,1,0,3703
acbs,25,30,1,8,1,0,0,0,1,0,3703
acbs,25,30,1,9,1,0,0,0,1,0,3703
acbs,25,30,1,10,1,0,0,0,1,0,3703
acbs,25,30,1,11,1,0,0,0,1,0,3703
acbs,25,30,1,12,1,0,0,0,1,0,3703
acbs,25,30,1,13,1,0,0,0,1,0,3703
acbs,25,30,1,14,1,0,0,0,1,0,3703
acbs,25,30,1,15,1,0,0,0,1,0,3703
acbs,25,30,1,16,1,0,0,0,1,0,3703
acbs,25,30,1,17,1,0,0,0,1,0,3703
acbs,25,30,1,18,1,0,0,0,1,0,3703
acbs,25,30,1,19,1,0,0,0,1,0,3703
acbs,25,30,1,20,1,0,0,0,1,0,3703
acbs,25,30,2,1,2,0,0,0,2,0,3806
acbs,25,30,2,2,2,0,0,0,2,0,3806
acbs,25,30,2,3,2,0,0,0,2,0,3806
acbs,25,30,2,4,2,0,0,0,2,0,3806
acbs,25,30,2,5,2,0,0,0,2,0,3806
acbs,25,30,2,6,2,0,0,0,2,0,3806
acbs,25,30,2,7,2,0,0,0,2,0,3806
acbs,25,30,2,8,2,0,0,0,2,0,3806
acbs,25,30,2,9,2,0,0,0,2,0,3806
acbs,25,30,2,10,2,0,0,0,2,0,3806
acbs,25,30,2,11,2,0,0,0,2,0,3806
acbs,25,30,2,12,2,0,0,0,2,0,3806
acbs,25,30,2,13,2,0,0,0,2,0,3806
acbs,25,30,2,14,2,0,0,0,2,0,3806
acbs,25,30,2,15,2,0,0,0,2,0,3806
acbs,25,30,2,16,2,0,0,0,2,0,3806
acbs,25,30,2,17,2,0,0,0,2,0,3806
acbs,25,30,2,18,2,0,0,0,2,0,3806
acbs,25,30,2,19,2,0,0,0,2,0,3806
acbs,25,30,2,20,2,0,0,0,2,0,3806
acbs,25,30,5,1,5,0,0,0,5,0,4115
acbs,25,30,5,2,5,0,0,0,5,0,4115
acbs,25,30,5,3,5,0,0,0,5,0,4115
acbs,25,30,5,4,5,0,0,0,5,0,4115
acbs,25,30,5,5,5,0,0,0,5,0,4115
acbs,25,30,5,6,5,0,0,0,5,0,4115
acbs,25,30,5,7,5,0,0,0,5,0,4115
acbs,25,30,5,8,5,0,0,0,5,0,4115
acbs,25,30,5,9,5,0,0,0,5,0,4115
acbs,25,30,5,10,5,0,0,0,5,0,4115
acbs,25,30,5,11,5,0,0,0,5,0,4115
acbs,25,30,5,12,5,0,0,0,5,0,4115
acbs,25,30,5,13,5,0,0,0,5,0,4115
acbs,25,30,5,14,5,0,0,0,5,0,4115
acbs,25,30,5,15,5,0,0,0,5,0,4115
acbs,25,30,5,16,5,0,0,0,5,0,4115
acbs,25,30,5,17,5,0,0,0,5,0,4115
acbs,25,30,5,18,5,0,0,0,5,0,4115
acbs,25,30,5,19,5,0,0,0,5,0,4115
acbs,25,30,5,20,5,0,0,0,5,0,4115
acbs,25,30,10,1,8,2,240,0,8,0,4424
acbs,25,30,10,2,8,2,240,0,8,0,4424
acbs,25,30,10,3,8,2,240,0,8,0,4424
acbs,25,30,10,4,8,2,240,0,8,0,4424
acbs,25,30,10,5,8,2,240,0,8,0,4424
acbs,25,30,10,6,8,2,240,0,8,0,4424
acbs,25,30,10,7,8,2,240,0,8,0,4424
acbs,25,30,10,8,8,2,240,0,8,0,4424
acbs,25,30,10,9,8,2,240,0,8,0,4424
acbs,25,30,10,10,8,2,240,0,8,0,4424
acbs,25,30,10,11,8,2,240,0,8,1,4424
acbs,25,30,10,12,8,2,240,0,8,0,4424
acbs,25,30,10,13,8,2,240,0,8,0,4424
acbs,25,30,10,14,8,2,240,0,8,0,4424
acbs,25,30,10,15,8,2,240,0,8,0,4424
acbs,25,30,10,16,8,2,240,0,8,0,4424
acbs,25,30,10,17,8,2,240,0,8,0,4424
acbs,25,30,10,18,8,2,240,0,8,2,4424
acbs,25,30,10,19,8,2,240,0,8,0,4424
acbs,25,30,10,20,8,2,240,0,8,0,4424
acbs,25,30,20,1,8,12,1440,0,8,0,4424
acbs,25,30,20,2,8,12,1440,0,8,0,4424
acbs,25,30,20,3,8,12,1440,0,8,0,4424
acbs,25,30,20,4,8,12,1440,0,8,0,4424
acbs,25,30,20,5,8,12,1440,0,8,0,4424
acbs,25,30,20,6,8,12,1440,0,8,0,4424
acbs,25,30,20,7,8,12,1440,0,8,0,4424
acbs,25,30,20,8,8,12,1440,0,8,1,4424
acbs,25,30,20,9,8,12,1440,0,8,0,4424
acbs,25,30,20,10,8,12,1440,0,8,0,4424
acbs,25,30,20,11,8,12,1440,0,8,0,4424
acbs,25,30,20,12,8,12,1440,0,8,0,4424
acbs,25,30,20,13,8,12,1440,0,8,0,4424
acbs,25,30,20,14,8,12,1440,0,8,0,4424
acbs,25,30,20,15,8,12,1440,0,8,0,4424
acbs,25,30,20,16,8,12,1440,0,8,2,4424
acbs,25,30,20,17,8,12,1440,0,8,1,4424
acbs,25,30,20,18,8,12,1440,0,8,1,4424
acbs,25,30,20,19,8,12,1440,0,8,0,4424
acbs,25,30,20,20,8,12,1440,0,8,4,4424
acbs,25,30,35,1,8,27,3240,0,8,0,4424
acbs,25,30,35,2,8,27,3240,0,8,0,4424
acbs,25,30,35,3,8,27,3240,0,8,1,4424
acbs,25,30,35,4,8,27,3240,0,8,0,4424
acbs,25,30,35,5,8,27,3240,0,8,0,4424
acbs,25,30,35,6,8,27,3240,0,8,0,4424
acbs,25,30,35,7,8,27,3240,0,8,0,4424
acbs,25,30,35,8,8,27,3240,0,8,0,4424
acbs,25,30,35,9,8,27,3240,0,8,0,4424
acbs,25,30,35,10,8,27,3240,0,8,0,4424
acbs,25,30,35,11,8,27,3240,0,8,0,4424
acbs,25,30,35,12,8,27,3240,0,8,0,4424
acbs,25,30,35,13,8,27,3240,0,8,0,4424
acbs,25,30,35,14,8,27,3240,0,8,1,4424
acbs,25,30,35,15,8,27,3240,0,8,0,4424
acbs,25,30,35,16,8,27,3240,0,8,0,4424
acbs,25,30,35,17,8,27,3240,0,8,0,4424
acbs,25,30,35,18,8,27,3240,0,8,0,4424
acbs,25,30,35,19,8,27,3240,0,8,2,4424
acbs,25,30,35,20,8,27,3240,0,8,0,4424
