N,K,IFS,finish_measured,finish_predicted,delta,delta_pred,knee_empirical,knee_predicted
1,0,1,350,350,0,0,0,0
1,1,1,350,350,0,0,17,17
1,4,1,350,350,0,0,16,16
1,8,1,350,350,0,0,14,14
1,16,1,350,350,0,0,11,11
2,0,1,372,372,0,0,0,0
2,1,1,372,372,0,0,17,17
2,4,1,372,372,0,0,16,16
2,8,1,372,372,0,0,14,14
2,16,1,372,372,0,0,11,11
3,0,1,394,394,0,0,0,0
3,1,1,394,394,0,0,17,17
3,4,1,394,394,0,0,16,16
3,8,1,394,394,0,0,14,14
3,16,1,394,394,0,0,11,11
4,0,1,416,416,0,0,0,0
4,1,1,416,416,0,0,17,17
4,4,1,416,416,0,0,16,16
4,8,1,416,416,0,0,14,14
4,16,1,416,416,0,0,11,11
5,0,1,438,438,0,0,0,0
5,1,1,438,438,0,0,17,17
5,4,1,438,438,0,0,16,16
5,8,1,438,438,0,0,14,14
5,16,1,438,438,0,0,11,11
6,0,1,460,460,0,0,0,0
6,1,1,460,460,0,0,17,17
6,4,1,460,460,0,0,16,16
6,8,1,460,460,0,0,14,14
6,16,1,460,460,0,0,11,11
7,0,1,482,482,0,0,0,0
7,1,1,482,482,0,0,17,17
7,4,1,482,482,0,0,16,16
7,8,1,482,482,0,0,14,14
7,16,1,482,482,0,0,11,11
8,0,1,504,504,0,0,0,0
8,1,1,504,504,0,0,17,17
8,4,1,504,504,0,0,16,16
8,8,1,504,504,0,0,14,14
8,16,1,504,504,0,0,11,11
9,0,1,526,526,0,0,0,0
9,1,1,526,526,0,0,17,17
9,4,1,526,526,0,0,16,16
9,8,1,526,526,0,0,14,14
9,16,1,526,526,0,0,11,11
10,0,1,548,548,0,0,0,0
10,1,1,548,548,0,0,17,17
10,4,1,548,548,0,0,16,16
10,8,1,548,548,0,0,14,14
10,16,1,548,548,0,0,11,11
11,0,1,570,570,0,0,0,0
11,1,1,570,570,0,0,17,17
11,4,1,570,570,0,0,16,16
11,8,1,570,570,0,0,14,14
11,16,1,585,585,15,15,11,11
12,0,1,592,592,0,0,0,0
12,1,1,592,592,0,0,17,17
12,4,1,592,592,0,0,16,16
12,8,1,592,592,0,0,14,14
12,16,1,623,623,31,31,11,11
13,0,1,614,614,0,0,0,0
13,1,1,614,614,0,0,17,17
13,4,1,614,614,0,0,16,16
13,8,1,614,614,0,0,14,14
13,16,1,661,661,47,47,11,11
14,0,1,636,636,0,0,0,0
14,1,1,636,636,0,0,17,17
14,4,1,636,636,0,0,16,16
14,8,1,643,643,7,7,14,14
14,16,1,699,699,63,63,11,11
15,0,1,658,658,0,0,0,0
15,1,1,658,658,0,0,17,17
15,4,1,658,658,0,0,16,16
15,8,1,681,681,23,23,14,14
15,16,1,737,737,79,79,11,11
16,0,1,680,680,0,0,0,0
16,1,1,680,680,0,0,17,17
16,4,1,691,691,11,11,16,16
16,8,1,719,719,39,39,14,14
16,16,1,775,775,95,95,11,11
17,0,1,702,702,0,0,0,0
17,1,1,708,708,6,6,17,17
17,4,1,729,729,27,27,16,16
17,8,1,757,757,55,55,14,14
17,16,1,813,813,111,111,11,11
18,0,1,724,724,0,0,0,0
18,1,1,746,746,22,22,17,17
18,4,1,767,767,43,43,16,16
18,8,1,795,795,71,71,14,14
18,16,1,851,851,127,127,11,11
19,0,1,755,755,0,0,0,0
19,1,1,784,784,29,29,17,17
19,4,1,805,805,50,50,16,16
19,8,1,833,833,78,78,14,14
19,16,1,889,889,134,134,11,11
20,0,1,793,793,0,0,0,0
20,1,1,822,822,29,29,17,17
20,4,1,843,843,50,50,16,16
20,8,1,871,871,78,78,14,14
20,16,1,927,927,134,134,11,11
21,0,1,831,831,0,0,0,0
21,1,1,860,860,29,29,17,17
21,4,1,881,881,50,50,16,16
21,8,1,909,909,78,78,14,14
21,16,1,965,965,134,134,11,11
22,0,1,869,869,0,0,0,0
22,1,1,898,898,29,29,17,17
22,4,1,919,919,50,50,16,16
22,8,1,947,947,78,78,14,14
22,16,1,1003,1003,134,134,11,11
23,0,1,907,907,0,0,0,0
23,1,1,936,936,29,29,17,17
23,4,1,957,957,50,50,16,16
23,8,1,985,985,78,78,14,14
23,16,1,1041,1041,134,134,11,11
24,0,1,945,945,0,0,0,0
24,1,1,974,974,29,29,17,17
24,4,1,995,995,50,50,16,16
24,8,1,1023,1023,78,78,14,14
24,16,1,1079,1079,134,134,11,11
25,0,1,983,983,0,0,0,0
25,1,1,1012,1012,29,29,17,17
25,4,1,1033,1033,50,50,16,16
25,8,1,1061,1061,78,78,14,14
25,16,1,1117,1117,134,134,11,11
26,0,1,1021,1021,0,0,0,0
26,1,1,1050,1050,29,29,17,17
26,4,1,1071,1071,50,50,16,16
26,8,1,1099,1099,78,78,14,14
26,16,1,1155,1155,134,134,11,11
27,0,1,1059,1059,0,0,0,0
27,1,1,1088,1088,29,29,17,17
27,4,1,1109,1109,50,50,16,16
27,8,1,1137,1137,78,78,14,14
27,16,1,1193,1193,134,134,11,11
28,0,1,1097,1097,0,0,0,0
28,1,1,1126,1126,29,29,17,17
28,4,1,1147,1147,50,50,16,16
28,8,1,1175,1175,78,78,14,14
28,16,1,1231,1231,134,134,11,11
29,0,1,1135,1135,0,0,0,0
29,1,1,1164,1164,29,29,17,17
29,4,1,1185,1185,50,50,16,16
29,8,1,1213,1213,78,78,14,14
29,16,1,1269,1269,134,134,11,11
30,0,1,1173,1173,0,0,0,0
30,1,1,1202,1202,29,29,17,17
30,4,1,1223,1223,50,50,16,16
30,8,1,1251,1251,78,78,14,14
30,16,1,1307,1307,134,134,11,11
31,0,1,1211,1211,0,0,0,0
31,1,1,1240,1240,29,29,17,17
31,4,1,1261,1261,50,50,16,16
31,8,1,1289,1289,78,78,14,14
31,16,1,1345,1345,134,134,11,11
32,0,1,1249,1249,0,0,0,0
32,1,1,1278,1278,29,29,17,17
32,4,1,1299,1299,50,50,16,16
32,8,1,1327,1327,78,78,14,14
32,16,1,1383,1383,134,134,11,11
33,0,1,1287,1287,0,0,0,0
33,1,1,1316,1316,29,29,17,17
33,4,1,1337,1337,50,50,16,16
33,8,1,1365,1365,78,78,14,14
33,16,1,1421,1421,134,134,11,11
34,0,1,1325,1325,0,0,0,0
34,1,1,1354,1354,29,29,17,17
34,4,1,1375,1375,50,50,16,16
34,8,1,1403,1403,78,78,14,14
34,16,1,1459,1459,134,134,11,11
35,0,1,1363,1363,0,0,0,0
35,1,1,1392,1392,29,29,17,17
35,4,1,1413,1413,50,50,16,16
35,8,1,1441,1441,78,78,14,14
35,16,1,1497,1497,134,134,11,11
36,0,1,1401,1401,0,0,0,0
36,1,1,1430,1430,29,29,17,17
36,4,1,1451,1451,50,50,16,16
36,8,1,1479,1479,78,78,14,14
36,16,1,1535,1535,134,134,11,11
37,0,1,1439,1439,0,0,0,0
37,1,1,1468,1468,29,29,17,17
37,4,1,1489,1489,50,50,16,16
37,8,1,1517,1517,78,78,14,14
37,16,1,1573,1573,134,134,11,11
38,0,1,1477,1477,0,0,0,0
38,1,1,1506,1506,29,29,17,17
38,4,1,1527,1527,50,50,16,16
38,8,1,1555,1555,78,78,14,14
38,16,1,1611,1611,134,134,11,11
39,0,1,1515,1515,0,0,0,0
39,1,1,1544,1544,29,29,17,17
39,4,1,1565,1565,50,50,16,16
39,8,1,1593,1593,78,78,14,14
39,16,1,1649,1649,134,134,11,11
40,0,1,1553,1553,0,0,0,0
40,1,1,1582,1582,29,29,17,17
40,4,1,1603,1603,50,50,16,16
40,8,1,1631,1631,78,78,14,14
40,16,1,1687,1687,134,134,11,11
1,0,2,351,351,0,0,0,0
1,1,2,351,351,0,0,16,16
1,4,2,351,351,0,0,15,15
1,8,2,351,351,0,0,13,13
1,16,2,351,351,0,0,10,10
2,0,2,374,374,0,0,0,0
2,1,2,374,374,0,0,16,16
2,4,2,374,374,0,0,15,15
2,8,2,374,374,0,0,13,13
2,16,2,374,374,0,0,10,10
3,0,2,397,397,0,0,0,0
3,1,2,397,397,0,0,16,16
3,4,2,397,397,0,0,15,15
3,8,2,397,397,0,0,13,13
3,16,2,397,397,0,0,10,10
4,0,2,420,420,0,0,0,0
4,1,2,420,420,0,0,16,16
4,4,2,420,420,0,0,15,15
4,8,2,420,420,0,0,13,13
4,16,2,420,420,0,0,10,10
5,0,2,443,443,0,0,0,0
5,1,2,443,443,0,0,16,16
5,4,2,443,443,0,0,15,15
5,8,2,443,443,0,0,13,13
5,16,2,443,443,0,0,10,10
6,0,2,466,466,0,0,0,0
6,1,2,466,466,0,0,16,16
6,4,2,466,466,0,0,15,15
6,8,2,466,466,0,0,13,13
6,16,2,466,466,0,0,10,10
7,0,2,489,489,0,0,0,0
7,1,2,489,489,0,0,16,16
7,4,2,489,489,0,0,15,15
7,8,2,489,489,0,0,13,13
7,16,2,489,489,0,0,10,10
8,0,2,512,512,0,0,0,0
8,1,2,512,512,0,0,16,16
8,4,2,512,512,0,0,15,15
8,8,2,512,512,0,0,13,13
8,16,2,512,512,0,0,10,10
9,0,2,535,535,0,0,0,0
9,1,2,535,535,0,0,16,16
9,4,2,535,535,0,0,15,15
9,8,2,535,535,0,0,13,13
9,16,2,535,535,0,0,10,10
10,0,2,558,558,0,0,0,0
10,1,2,558,558,0,0,16,16
10,4,2,558,558,0,0,15,15
10,8,2,558,558,0,0,13,13
10,16,2,568,568,10,10,10,10
11,0,2,581,581,0,0,0,0
11,1,2,581,581,0,0,16,16
11,4,2,581,581,0,0,15,15
11,8,2,581,581,0,0,13,13
11,16,2,608,608,27,27,10,10
12,0,2,604,604,0,0,0,0
12,1,2,604,604,0,0,16,16
12,4,2,604,604,0,0,15,15
12,8,2,604,604,0,0,13,13
12,16,2,648,648,44,44,10,10
13,0,2,627,627,0,0,0,0
13,1,2,627,627,0,0,16,16
13,4,2,627,627,0,0,15,15
13,8,2,632,632,5,5,13,13
13,16,2,688,688,61,61,10,10
14,0,2,650,650,0,0,0,0
14,1,2,650,650,0,0,16,16
14,4,2,650,650,0,0,15,15
14,8,2,672,672,22,22,13,13
14,16,2,728,728,78,78,10,10
15,0,2,673,673,0,0,0,0
15,1,2,673,673,0,0,16,16
15,4,2,684,684,11,11,15,15
15,8,2,712,712,39,39,13,13
15,16,2,768,768,95,95,10,10
16,0,2,696,696,0,0,0,0
16,1,2,703,703,7,7,16,16
16,4,2,724,724,28,28,15,15
16,8,2,752,752,56,56,13,13
16,16,2,808,808,112,112,10,10
17,0,2,719,719,0,0,0,0
17,1,2,743,743,24,24,16,16
17,4,2,764,764,45,45,15,15
17,8,2,792,792,73,73,13,13
17,16,2,848,848,129,129,10,10
18,0,2,753,753,0,0,0,0
18,1,2,783,783,30,30,16,16
18,4,2,804,804,51,51,15,15
18,8,2,832,832,79,79,13,13
18,16,2,888,888,135,135,10,10
19,0,2,793,793,0,0,0,0
19,1,2,823,823,30,30,16,16
19,4,2,844,844,51,51,15,15
19,8,2,872,872,79,79,13,13
19,16,2,928,928,135,135,10,10
20,0,2,833,833,0,0,0,0
20,1,2,863,863,30,30,16,16
20,4,2,884,884,51,51,15,15
20,8,2,912,912,79,79,13,13
20,16,2,968,968,135,135,10,10
21,0,2,873,873,0,0,0,0
21,1,2,903,903,30,30,16,16
21,4,2,924,924,51,51,15,15
21,8,2,952,952,79,79,13,13
21,16,2,1008,1008,135,135,10,10
22,0,2,913,913,0,0,0,0
22,1,2,943,943,30,30,16,16
22,4,2,964,964,51,51,15,15
22,8,2,992,992,79,79,13,13
22,16,2,1048,1048,135,135,10,10
23,0,2,953,953,0,0,0,0
23,1,2,983,983,30,30,16,16
23,4,2,1004,1004,51,51,15,15
23,8,2,1032,1032,79,79,13,13
23,16,2,1088,1088,135,135,10,10
24,0,2,993,993,0,0,0,0
24,1,2,1023,1023,30,30,16,16
24,4,2,1044,1044,51,51,15,15
24,8,2,1072,1072,79,79,13,13
24,16,2,1128,1128,135,135,10,10
25,0,2,1033,1033,0,0,0,0
25,1,2,1063,1063,30,30,16,16
25,4,2,1084,1084,51,51,15,15
25,8,2,1112,1112,79,79,13,13
25,16,2,1168,1168,135,135,10,10
26,0,2,1073,1073,0,0,0,0
26,1,2,1103,1103,30,30,16,16
26,4,2,1124,1124,51,51,15,15
26,8,2,1152,1152,79,79,13,13
26,16,2,1208,1208,135,135,10,10
27,0,2,1113,1113,0,0,0,0
27,1,2,1143,1143,30,30,16,16
27,4,2,1164,1164,51,51,15,15
27,8,2,1192,1192,79,79,13,13
27,16,2,1248,1248,135,135,10,10
28,0,2,1153,1153,0,0,0,0
28,1,2,1183,1183,30,30,16,16
28,4,2,1204,1204,51,51,15,15
28,8,2,1232,1232,79,79,13,13
28,16,2,1288,1288,135,135,10,10
29,0,2,1193,1193,0,0,0,0
29,1,2,1223,1223,30,30,16,16
29,4,2,1244,1244,51,51,15,15
29,8,2,1272,1272,79,79,13,13
29,16,2,1328,1328,135,135,10,10
30,0,2,1233,1233,0,0,0,0
30,1,2,1263,1263,30,30,16,16
30,4,2,1284,1284,51,51,15,15
30,8,2,1312,1312,79,79,13,13
30,16,2,1368,1368,135,135,10,10
31,0,2,1273,1273,0,0,0,0
31,1,2,1303,1303,30,30,16,16
31,4,2,1324,1324,51,51,15,15
31,8,2,1352,1352,79,79,13,13
31,16,2,1408,1408,135,135,10,10
32,0,2,1313,1313,0,0,0,0
32,1,2,1343,1343,30,30,16,16
32,4,2,1364,1364,51,51,15,15
32,8,2,1392,1392,79,79,13,13
32,16,2,1448,1448,135,135,10,10
33,0,2,1353,1353,0,0,0,0
33,1,2,1383,1383,30,30,16,16
33,4,2,1404,1404,51,51,15,15
33,8,2,1432,1432,79,79,13,13
33,16,2,1488,1488,135,135,10,10
34,0,2,1393,1393,0,0,0,0
34,1,2,1423,1423,30,30,16,16
34,4,2,1444,1444,51,51,15,15
34,8,2,1472,1472,79,79,13,13
34,16,2,1528,1528,135,135,10,10
35,0,2,1433,1433,0,0,0,0
35,1,2,1463,1463,30,30,16,16
35,4,2,1484,1484,51,51,15,15
35,8,2,1512,1512,79,79,13,13
35,16,2,1568,1568,135,135,10,10
36,0,2,1473,1473,0,0,0,0
36,1,2,1503,1503,30,30,16,16
36,4,2,1524,1524,51,51,15,15
36,8,2,1552,1552,79,79,13,13
36,16,2,1608,1608,135,135,10,10
37,0,2,1513,1513,0,0,0,0
37,1,2,1543,1543,30,30,16,16
37,4,2,1564,1564,51,51,15,15
37,8,2,1592,1592,79,79,13,13
37,16,2,1648,1648,135,135,10,10
38,0,2,1553,1553,0,0,0,0
38,1,2,1583,1583,30,30,16,16
38,4,2,1604,1604,51,51,15,15
38,8,2,1632,1632,79,79,13,13
38,16,2,1688,1688,135,135,10,10
39,0,2,1593,1593,0,0,0,0
39,1,2,1623,1623,30,30,16,16
39,4,2,1644,1644,51,51,15,15
39,8,2,1672,1672,79,79,13,13
39,16,2,1728,1728,135,135,10,10
40,0,2,1633,1633,0,0,0,0
40,1,2,1663,1663,30,30,16,16
40,4,2,1684,1684,51,51,15,15
40,8,2,1712,1712,79,79,13,13
40,16,2,1768,1768,135,135,10,10
1,0,3,352,352,0,0,0,0
1,1,3,352,352,0,0,15,15
1,4,3,352,352,0,0,14,14
1,8,3,352,352,0,0,12,12
1,16,3,352,352,0,0,9,9
2,0,3,376,376,0,0,0,0
2,1,3,376,376,0,0,15,15
2,4,3,376,376,0,0,14,14
2,8,3,376,376,0,0,12,12
2,16,3,376,376,0,0,9,9
3,0,3,400,400,0,0,0,0
3,1,3,400,400,0,0,15,15
3,4,3,400,400,0,0,14,14
3,8,3,400,400,0,0,12,12
3,16,3,400,400,0,0,9,9
4,0,3,424,424,0,0,0,0
4,1,3,424,424,0,0,15,15
4,4,3,424,424,0,0,14,14
4,8,3,424,424,0,0,12,12
4,16,3,424,424,0,0,9,9
5,0,3,448,448,0,0,0,0
5,1,3,448,448,0,0,15,15
5,4,3,448,448,0,0,14,14
5,8,3,448,448,0,0,12,12
5,16,3,448,448,0,0,9,9
6,0,3,472,472,0,0,0,0
6,1,3,472,472,0,0,15,15
6,4,3,472,472,0,0,14,14
6,8,3,472,472,0,0,12,12
6,16,3,472,472,0,0,9,9
7,0,3,496,496,0,0,0,0
7,1,3,496,496,0,0,15,15
7,4,3,496,496,0,0,14,14
7,8,3,496,496,0,0,12,12
7,16,3,496,496,0,0,9,9
8,0,3,520,520,0,0,0,0
8,1,3,520,520,0,0,15,15
8,4,3,520,520,0,0,14,14
8,8,3,520,520,0,0,12,12
8,16,3,520,520,0,0,9,9
9,0,3,544,544,0,0,0,0
9,1,3,544,544,0,0,15,15
9,4,3,544,544,0,0,14,14
9,8,3,544,544,0,0,12,12
9,16,3,547,547,3,3,9,9
10,0,3,568,568,0,0,0,0
10,1,3,568,568,0,0,15,15
10,4,3,568,568,0,0,14,14
10,8,3,568,568,0,0,12,12
10,16,3,589,589,21,21,9,9
11,0,3,592,592,0,0,0,0
11,1,3,592,592,0,0,15,15
11,4,3,592,592,0,0,14,14
11,8,3,592,592,0,0,12,12
11,16,3,631,631,39,39,9,9
12,0,3,616,616,0,0,0,0
12,1,3,616,616,0,0,15,15
12,4,3,616,616,0,0,14,14
12,8,3,617,617,1,1,12,12
12,16,3,673,673,57,57,9,9
13,0,3,640,640,0,0,0,0
13,1,3,640,640,0,0,15,15
13,4,3,640,640,0,0,14,14
13,8,3,659,659,19,19,12,12
13,16,3,715,715,75,75,9,9
14,0,3,664,664,0,0,0,0
14,1,3,664,664,0,0,15,15
14,4,3,673,673,9,9,14,14
14,8,3,701,701,37,37,12,12
14,16,3,757,757,93,93,9,9
15,0,3,688,688,0,0,0,0
15,1,3,694,694,6,6,15,15
15,4,3,715,715,27,27,14,14
15,8,3,743,743,55,55,12,12
15,16,3,799,799,111,111,9,9
16,0,3,712,712,0,0,0,0
16,1,3,736,736,24,24,15,15
16,4,3,757,757,45,45,14,14
16,8,3,785,785,73,73,12,12
16,16,3,841,841,129,129,9,9
17,0,3,747,747,0,0,0,0
17,1,3,778,778,31,31,15,15
17,4,3,799,799,52,52,14,14
17,8,3,827,827,80,80,12,12
17,16,3,883,883,136,136,9,9
18,0,3,789,789,0,0,0,0
18,1,3,820,820,31,31,15,15
18,4,3,841,841,52,52,14,14
18,8,3,869,869,80,80,12,12
18,16,3,925,925,136,136,9,9
19,0,3,831,831,0,0,0,0
19,1,3,862,862,31,31,15,15
19,4,3,883,883,52,52,14,14
19,8,3,911,911,80,80,12,12
19,16,3,967,967,136,136,9,9
20,0,3,873,873,0,0,0,0
20,1,3,904,904,31,31,15,15
20,4,3,925,925,52,52,14,14
20,8,3,953,953,80,80,12,12
20,16,3,1009,1009,136,136,9,9
21,0,3,915,915,0,0,0,0
21,1,3,946,946,31,31,15,15
21,4,3,967,967,52,52,14,14
21,8,3,995,995,80,80,12,12
21,16,3,1051,1051,136,136,9,9
22,0,3,957,957,0,0,0,0
22,1,3,988,988,31,31,15,15
22,4,3,1009,1009,52,52,14,14
22,8,3,1037,1037,80,80,12,12
22,16,3,1093,1093,136,136,9,9
23,0,3,999,999,0,0,0,0
23,1,3,1030,1030,31,31,15,15
23,4,3,1051,1051,52,52,14,14
23,8,3,1079,1079,80,80,12,12
23,16,3,1135,1135,136,136,9,9
24,0,3,1041,1041,0,0,0,0
24,1,3,1072,1072,31,31,15,15
24,4,3,1093,1093,52,52,14,14
24,8,3,1121,1121,80,80,12,12
24,16,3,1177,1177,136,136,9,9
25,0,3,1083,1083,0,0,0,0
25,1,3,1114,1114,31,31,15,15
25,4,3,1135,1135,52,52,14,14
25,8,3,1163,1163,80,80,12,12
25,16,3,1219,1219,136,136,9,9
26,0,3,1125,1125,0,0,0,0
26,1,3,1156,1156,31,31,15,15
26,4,3,1177,1177,52,52,14,14
26,8,3,1205,1205,80,80,12,12
26,16,3,1261,1261,136,136,9,9
27,0,3,1167,1167,0,0,0,0
27,1,3,1198,1198,31,31,15,15
27,4,3,1219,1219,52,52,14,14
27,8,3,1247,1247,80,80,12,12
27,16,3,1303,1303,136,136,9,9
28,0,3,1209,1209,0,0,0,0
28,1,3,1240,1240,31,31,15,15
28,4,3,1261,1261,52,52,14,14
28,8,3,1289,1289,80,80,12,12
28,16,3,1345,1345,136,136,9,9
29,0,3,1251,1251,0,0,0,0
29,1,3,1282,1282,31,31,15,15
29,4,3,1303,1303,52,52,14,14
29,8,3,1331,1331,80,80,12,12
29,16,3,1387,1387,136,136,9,9
30,0,3,1293,1293,0,0,0,0
30,1,3,1324,1324,31,31,15,15
30,4,3,1345,1345,52,52,14,14
30,8,3,1373,1373,80,80,12,12
30,16,3,1429,1429,136,136,9,9
31,0,3,1335,1335,0,0,0,0
31,1,3,1366,1366,31,31,15,15
31,4,3,1387,1387,52,52,14,14
31,8,3,1415,1415,80,80,12,12
31,16,3,1471,1471,136,136,9,9
32,0,3,1377,1377,0,0,0,0
32,1,3,1408,1408,31,31,15,15
32,4,3,1429,1429,52,52,14,14
32,8,3,1457,1457,80,80,12,12
32,16,3,1513,1513,136,136,9,9
33,0,3,1419,1419,0,0,0,0
33,1,3,1450,1450,31,31,15,15
33,4,3,1471,1471,52,52,14,14
33,8,3,1499,1499,80,80,12,12
33,16,3,1555,1555,136,136,9,9
34,0,3,1461,1461,0,0,0,0
34,1,3,1492,1492,31,31,15,15
34,4,3,1513,1513,52,52,14,14
34,8,3,1541,1541,80,80,12,12
34,16,3,1597,1597,136,136,9,9
35,0,3,1503,1503,0,0,0,0
35,1,3,1534,1534,31,31,15,15
35,4,3,1555,1555,52,52,14,14
35,8,3,1583,1583,80,80,12,12
35,16,3,1639,1639,136,136,9,9
36,0,3,1545,1545,0,0,0,0
36,1,3,1576,1576,31,31,15,15
36,4,3,1597,1597,52,52,14,14
36,8,3,1625,1625,80,80,12,12
36,16,3,1681,1681,136,136,9,9
37,0,3,1587,1587,0,0,0,0
37,1,3,1618,1618,31,31,15,15
37,4,3,1639,1639,52,52,14,14
37,8,3,1667,1667,80,80,12,12
37,16,3,1723,1723,136,136,9,9
38,0,3,1629,1629,0,0,0,0
38,1,3,1660,1660,31,31,15,15
38,4,3,1681,1681,52,52,14,14
38,8,3,1709,1709,80,80,12,12
38,16,3,1765,1765,136,136,9,9
39,0,3,1671,1671,0,0,0,0
39,1,3,1702,1702,31,31,15,15
39,4,3,1723,1723,52,52,14,14
39,8,3,1751,1751,80,80,12,12
39,16,3,1807,1807,136,136,9,9
40,0,3,1713,1713,0,0,0,0
40,1,3,1744,1744,31,31,15,15
40,4,3,1765,1765,52,52,14,14
40,8,3,1793,1793,80,80,12,12
40,16,3,1849,1849,136,136,9,9
