N,K,regime,finish,slack,auth_span,hidden_len,overflow_len
0,0,setup_only,0,1395,0,0,0
0,1,setup_only,49,1346,28,0,0
0,2,setup_only,56,1339,35,0,0
0,3,setup_only,63,1332,42,0,0
0,4,setup_only,70,1325,49,0,0
0,5,setup_only,77,1318,56,0,0
0,6,setup_only,84,1311,63,0,0
0,7,setup_only,91,1304,70,0,0
0,8,setup_only,98,1297,77,0,0
0,9,setup_only,105,1290,84,0,0
0,10,setup_only,112,1283,91,0,0
0,11,setup_only,119,1276,98,0,0
0,12,setup_only,126,1269,105,0,0
0,13,setup_only,133,1262,112,0,0
0,14,setup_only,140,1255,119,0,0
0,15,setup_only,147,1248,126,0,0
0,16,setup_only,154,1241,133,0,0
0,17,setup_only,161,1234,140,0,0
0,18,setup_only,168,1227,147,0,0
0,19,setup_only,175,1220,154,0,0
0,20,setup_only,182,1213,161,0,0
1,0,hidden,337,1058,0,0,0
1,1,hidden,337,1058,28,28,0
1,2,hidden,337,1058,35,35,0
1,3,hidden,337,1058,42,42,0
1,4,hidden,337,1058,49,49,0
1,5,hidden,337,1058,56,56,0
1,6,hidden,337,1058,63,63,0
1,7,hidden,337,1058,70,70,0
1,8,hidden,337,1058,77,77,0
1,9,hidden,337,1058,84,84,0
1,10,hidden,337,1058,91,91,0
1,11,hidden,337,1058,98,98,0
1,12,hidden,337,1058,105,105,0
1,13,hidden,337,1058,112,112,0
1,14,hidden,337,1058,119,119,0
1,15,hidden,337,1058,126,126,0
1,16,hidden,337,1058,133,133,0
1,17,hidden,337,1058,140,140,0
1,18,hidden,337,1058,147,147,0
1,19,hidden,337,1058,154,154,0
1,20,hidden,337,1058,161,161,0
2,0,hidden,358,1037,0,0,0
2,1,hidden,358,1037,28,28,0
2,2,hidden,358,1037,35,35,0
2,3,hidden,358,1037,42,42,0
2,4,hidden,358,1037,49,49,0
2,5,hidden,358,1037,56,56,0
2,6,hidden,358,1037,63,63,0
2,7,hidden,358,1037,70,70,0
2,8,hidden,358,1037,77,77,0
2,9,hidden,358,1037,84,84,0
2,10,hidden,358,1037,91,91,0
2,11,hidden,358,1037,98,98,0
2,12,hidden,358,1037,105,105,0
2,13,hidden,358,1037,112,112,0
2,14,hidden,358,1037,119,119,0
2,15,hidden,358,1037,126,126,0
2,16,hidden,358,1037,133,133,0
2,17,hidden,358,1037,140,140,0
2,18,hidden,358,1037,147,147,0
2,19,hidden,358,1037,154,154,0
2,20,hidden,358,1037,161,161,0
3,0,hidden,379,1016,0,0,0
3,1,hidden,379,1016,28,28,0
3,2,hidden,379,1016,35,35,0
3,3,hidden,379,1016,42,42,0
3,4,hidden,379,1016,49,49,0
3,5,hidden,379,1016,56,56,0
3,6,hidden,379,1016,63,63,0
3,7,hidden,379,1016,70,70,0
3,8,hidden,379,1016,77,77,0
3,9,hidden,379,1016,84,84,0
3,10,hidden,379,1016,91,91,0
3,11,hidden,379,1016,98,98,0
3,12,hidden,379,1016,105,105,0
3,13,hidden,379,1016,112,112,0
3,14,hidden,379,1016,119,119,0
3,15,hidden,379,1016,126,126,0
3,16,hidden,379,1016,133,133,0
3,17,hidden,379,1016,140,140,0
3,18,hidden,379,1016,147,147,0
3,19,hidden,379,1016,154,154,0
3,20,hidden,379,1016,161,161,0
4,0,hidden,400,995,0,0,0
4,1,hidden,400,995,28,28,0
4,2,hidden,400,995,35,35,0
4,3,hidden,400,995,42,42,0
4,4,hidden,400,995,49,49,0
4,5,hidden,400,995,56,56,0
4,6,hidden,400,995,63,63,0
4,7,hidden,400,995,70,70,0
4,8,hidden,400,995,77,77,0
4,9,hidden,400,995,84,84,0
4,10,hidden,400,995,91,91,0
4,11,hidden,400,995,98,98,0
4,12,hidden,400,995,105,105,0
4,13,hidden,400,995,112,112,0
4,14,hidden,400,995,119,119,0
4,15,hidden,400,995,126,126,0
4,16,hidden,400,995,133,133,0
4,17,hidden,400,995,140,140,0
4,18,hidden,400,995,147,147,0
4,19,hidden,400,995,154,154,0
4,20,hidden,400,995,161,161,0
5,0,hidden,421,974,0,0,0
5,1,hidden,421,974,28,28,0
5,2,hidden,421,974,35,35,0
5,3,hidden,421,974,42,42,0
5,4,hidden,421,974,49,49,0
5,5,hidden,421,974,56,56,0
5,6,hidden,421,974,63,63,0
5,7,hidden,421,974,70,70,0
5,8,hidden,421,974,77,77,0
5,9,hidden,421,974,84,84,0
5,10,hidden,421,974,91,91,0
5,11,hidden,421,974,98,98,0
5,12,hidden,421,974,105,105,0
5,13,hidden,421,974,112,112,0
5,14,hidden,421,974,119,119,0
5,15,hidden,421,974,126,126,0
5,16,hidden,421,974,133,133,0
5,17,hidden,421,974,140,140,0
5,18,hidden,421,974,147,147,0
5,19,hidden,421,974,154,154,0
5,20,hidden,421,974,161,161,0
6,0,hidden,442,953,0,0,0
6,1,hidden,442,953,28,28,0
6,2,hidden,442,953,35,35,0
6,3,hidden,442,953,42,42,0
6,4,hidden,442,953,49,49,0
6,5,hidden,442,953,56,56,0
6,6,hidden,442,953,63,63,0
6,7,hidden,442,953,70,70,0
6,8,hidden,442,953,77,77,0
6,9,hidden,442,953,84,84,0
6,10,hidden,442,953,91,91,0
6,11,hidden,442,953,98,98,0
6,12,hidden,442,953,105,105,0
6,13,hidden,442,953,112,112,0
6,14,hidden,442,953,119,119,0
6,15,hidden,442,953,126,126,0
6,16,hidden,442,953,133,133,0
6,17,hidden,442,953,140,140,0
6,18,hidden,442,953,147,147,0
6,19,hidden,442,953,154,154,0
6,20,hidden,442,953,161,161,0
7,0,hidden,463,932,0,0,0
7,1,hidden,463,932,28,28,0
7,2,hidden,463,932,35,35,0
7,3,hidden,463,932,42,42,0
7,4,hidden,463,932,49,49,0
7,5,hidden,463,932,56,56,0
7,6,hidden,463,932,63,63,0
7,7,hidden,463,932,70,70,0
7,8,hidden,463,932,77,77,0
7,9,hidden,463,932,84,84,0
7,10,hidden,463,932,91,91,0
7,11,hidden,463,932,98,98,0
7,12,hidden,463,932,105,105,0
7,13,hidden,463,932,112,112,0
7,14,hidden,463,932,119,119,0
7,15,hidden,463,932,126,126,0
7,16,hidden,463,932,133,133,0
7,17,hidden,463,932,140,140,0
7,18,hidden,463,932,147,147,0
7,19,hidden,463,932,154,154,0
7,20,hidden,463,932,161,161,0
8,0,hidden,484,911,0,0,0
8,1,hidden,484,911,28,28,0
8,2,hidden,484,911,35,35,0
8,3,hidden,484,911,42,42,0
8,4,hidden,484,911,49,49,0
8,5,hidden,484,911,56,56,0
8,6,hidden,484,911,63,63,0
8,7,hidden,484,911,70,70,0
8,8,hidden,484,911,77,77,0
8,9,hidden,484,911,84,84,0
8,10,hidden,484,911,91,91,0
8,11,hidden,484,911,98,98,0
8,12,hidden,484,911,105,105,0
8,13,hidden,484,911,112,112,0
8,14,hidden,484,911,119,119,0
8,15,hidden,484,911,126,126,0
8,16,hidden,484,911,133,133,0
8,17,hidden,484,911,140,140,0
8,18,hidden,484,911,147,147,0
8,19,hidden,484,911,154,154,0
8,20,hidden,484,911,161,161,0
9,0,hidden,505,890,0,0,0
9,1,hidden,505,890,28,28,0
9,2,hidden,505,890,35,35,0
9,3,hidden,505,890,42,42,0
9,4,hidden,505,890,49,49,0
9,5,hidden,505,890,56,56,0
9,6,hidden,505,890,63,63,0
9,7,hidden,505,890,70,70,0
9,8,hidden,505,890,77,77,0
9,9,hidden,505,890,84,84,0
9,10,hidden,505,890,91,91,0
9,11,hidden,505,890,98,98,0
9,12,hidden,505,890,105,105,0
9,13,hidden,505,890,112,112,0
9,14,hidden,505,890,119,119,0
9,15,hidden,505,890,126,126,0
9,16,hidden,505,890,133,133,0
9,17,hidden,505,890,140,140,0
9,18,hidden,505,890,147,147,0
9,19,hidden,505,890,154,154,0
9,20,paid,506,889,161,160,1
10,0,hidden,526,869,0,0,0
10,1,hidden,526,869,28,28,0
10,2,hidden,526,869,35,35,0
10,3,hidden,526,869,42,42,0
10,4,hidden,526,869,49,49,0
10,5,hidden,526,869,56,56,0
10,6,hidden,526,869,63,63,0
10,7,hidden,526,869,70,70,0
10,8,hidden,526,869,77,77,0
10,9,hidden,526,869,84,84,0
10,10,hidden,526,869,91,91,0
10,11,hidden,526,869,98,98,0
10,12,hidden,526,869,105,105,0
10,13,hidden,526,869,112,112,0
10,14,hidden,526,869,119,119,0
10,15,hidden,526,869,126,126,0
10,16,hidden,526,869,133,133,0
10,17,hidden,526,869,140,140,0
10,18,paid,528,867,147,145,2
10,19,paid,535,860,154,145,9
10,20,paid,542,853,161,145,16
11,0,hidden,547,848,0,0,0
11,1,hidden,547,848,28,28,0
11,2,hidden,547,848,35,35,0
11,3,hidden,547,848,42,42,0
11,4,hidden,547,848,49,49,0
11,5,hidden,547,848,56,56,0
11,6,hidden,547,848,63,63,0
11,7,hidden,547,848,70,70,0
11,8,hidden,547,848,77,77,0
11,9,hidden,547,848,84,84,0
11,10,hidden,547,848,91,91,0
11,11,hidden,547,848,98,98,0
11,12,hidden,547,848,105,105,0
11,13,hidden,547,848,112,112,0
11,14,hidden,547,848,119,119,0
11,15,hidden,547,848,126,126,0
11,16,paid,550,845,133,130,3
11,17,paid,557,838,140,130,10
11,18,paid,564,831,147,130,17
11,19,paid,571,824,154,130,24
11,20,paid,578,817,161,130,31
12,0,hidden,568,827,0,0,0
12,1,hidden,568,827,28,28,0
12,2,hidden,568,827,35,35,0
12,3,hidden,568,827,42,42,0
12,4,hidden,568,827,49,49,0
12,5,hidden,568,827,56,56,0
12,6,hidden,568,827,63,63,0
12,7,hidden,568,827,70,70,0
12,8,hidden,568,827,77,77,0
12,9,hidden,568,827,84,84,0
12,10,hidden,568,827,91,91,0
12,11,hidden,568,827,98,98,0
12,12,hidden,568,827,105,105,0
12,13,hidden,568,827,112,112,0
12,14,paid,572,823,119,115,4
12,15,paid,579,816,126,115,11
12,16,paid,586,809,133,115,18
12,17,paid,593,802,140,115,25
12,18,paid,600,795,147,115,32
12,19,paid,607,788,154,115,39
12,20,paid,614,781,161,115,46
13,0,hidden,589,806,0,0,0
13,1,hidden,589,806,28,28,0
13,2,hidden,589,806,35,35,0
13,3,hidden,589,806,42,42,0
13,4,hidden,589,806,49,49,0
13,5,hidden,589,806,56,56,0
13,6,hidden,589,806,63,63,0
13,7,hidden,589,806,70,70,0
13,8,hidden,589,806,77,77,0
13,9,hidden,589,806,84,84,0
13,10,hidden,589,806,91,91,0
13,11,hidden,589,806,98,98,0
13,12,paid,594,801,105,100,5
13,13,paid,601,794,112,100,12
13,14,paid,608,787,119,100,19
13,15,paid,615,780,126,100,26
13,16,paid,622,773,133,100,33
13,17,paid,629,766,140,100,40
13,18,paid,636,759,147,100,47
13,19,paid,643,752,154,100,54
13,20,paid,650,745,161,100,61
14,0,hidden,610,785,0,0,0
14,1,hidden,610,785,28,28,0
14,2,hidden,610,785,35,35,0
14,3,hidden,610,785,42,42,0
14,4,hidden,610,785,49,49,0
14,5,hidden,610,785,56,56,0
14,6,hidden,610,785,63,63,0
14,7,hidden,610,785,70,70,0
14,8,hidden,610,785,77,77,0
14,9,hidden,610,785,84,84,0
14,10,paid,616,779,91,85,6
14,11,paid,623,772,98,85,13
14,12,paid,630,765,105,85,20
14,13,paid,637,758,112,85,27
14,14,paid,644,751,119,85,34
14,15,paid,651,744,126,85,41
14,16,paid,658,737,133,85,48
14,17,paid,665,730,140,85,55
14,18,paid,672,723,147,85,62
14,19,paid,679,716,154,85,69
14,20,paid,686,709,161,85,76
15,0,hidden,631,764,0,0,0
15,1,hidden,631,764,28,28,0
15,2,hidden,631,764,35,35,0
15,3,hidden,631,764,42,42,0
15,4,hidden,631,764,49,49,0
15,5,hidden,631,764,56,56,0
15,6,hidden,631,764,63,63,0
15,7,hidden,631,764,70,70,0
15,8,paid,638,757,77,70,7
15,9,paid,645,750,84,70,14
15,10,paid,652,743,91,70,21
15,11,paid,659,736,98,70,28
15,12,paid,666,729,105,70,35
15,13,paid,673,722,112,70,42
15,14,paid,680,715,119,70,49
15,15,paid,687,708,126,70,56
15,16,paid,694,701,133,70,63
15,17,paid,701,694,140,70,70
15,18,paid,708,687,147,70,77
15,19,paid,715,680,154,70,84
15,20,paid,722,673,161,70,91
16,0,hidden,652,743,0,0,0
16,1,hidden,652,743,28,28,0
16,2,hidden,652,743,35,35,0
16,3,hidden,652,743,42,42,0
16,4,hidden,652,743,49,49,0
16,5,paid,653,742,56,55,1
16,6,paid,660,735,63,55,8
16,7,paid,667,728,70,55,15
16,8,paid,674,721,77,55,22
16,9,paid,681,714,84,55,29
16,10,paid,688,707,91,55,36
16,11,paid,695,700,98,55,43
16,12,paid,702,693,105,55,50
16,13,paid,709,686,112,55,57
16,14,paid,716,679,119,55,64
16,15,paid,723,672,126,55,71
16,16,paid,730,665,133,55,78
16,17,paid,737,658,140,55,85
16,18,paid,744,651,147,55,92
16,19,paid,751,644,154,55,99
16,20,paid,758,637,161,55,106
17,0,hidden,673,722,0,0,0
17,1,hidden,673,722,28,28,0
17,2,hidden,673,722,35,35,0
17,3,paid,675,720,42,40,2
17,4,paid,682,713,49,40,9
17,5,paid,689,706,56,40,16
17,6,paid,696,699,63,40,23
17,7,paid,703,692,70,40,30
17,8,paid,710,685,77,40,37
17,9,paid,717,678,84,40,44
17,10,paid,724,671,91,40,51
17,11,paid,731,664,98,40,58
17,12,paid,738,657,105,40,65
17,13,paid,745,650,112,40,72
17,14,paid,752,643,119,40,79
17,15,paid,759,636,126,40,86
17,16,paid,766,629,133,40,93
17,17,paid,773,622,140,40,100
17,18,paid,780,615,147,40,107
17,19,paid,787,608,154,40,114
17,20,paid,794,601,161,40,121
18,0,hidden,694,701,0,0,0
18,1,paid,697,698,28,25,3
18,2,paid,704,691,35,25,10
18,3,paid,711,684,42,25,17
18,4,paid,718,677,49,25,24
18,5,paid,725,670,56,25,31
18,6,paid,732,663,63,25,38
18,7,paid,739,656,70,25,45
18,8,paid,746,649,77,25,52
18,9,paid,753,642,84,25,59
18,10,paid,760,635,91,25,66
18,11,paid,767,628,98,25,73
18,12,paid,774,621,105,25,80
18,13,paid,781,614,112,25,87
18,14,paid,788,607,119,25,94
18,15,paid,795,600,126,25,101
18,16,paid,802,593,133,25,108
18,17,paid,809,586,140,25,115
18,18,paid,816,579,147,25,122
18,19,paid,823,572,154,25,129
18,20,paid,830,565,161,25,136
19,0,hidden,715,680,0,0,0
19,1,paid,733,662,28,10,18
19,2,paid,740,655,35,10,25
19,3,paid,747,648,42,10,32
19,4,paid,754,641,49,10,39
19,5,paid,761,634,56,10,46
19,6,paid,768,627,63,10,53
19,7,paid,775,620,70,10,60
19,8,paid,782,613,77,10,67
19,9,paid,789,606,84,10,74
19,10,paid,796,599,91,10,81
19,11,paid,803,592,98,10,88
19,12,paid,810,585,105,10,95
19,13,paid,817,578,112,10,102
19,14,paid,824,571,119,10,109
19,15,paid,831,564,126,10,116
19,16,paid,838,557,133,10,123
19,17,paid,845,550,140,10,130
19,18,paid,852,543,147,10,137
19,19,paid,859,536,154,10,144
19,20,rejected,866,529,161,10,151
20,0,hidden,741,654,0,0,0
20,1,paid,769,626,28,0,28
20,2,paid,776,619,35,0,35
20,3,paid,783,612,42,0,42
20,4,paid,790,605,49,0,49
20,5,paid,797,598,56,0,56
20,6,paid,804,591,63,0,63
20,7,paid,811,584,70,0,70
20,8,paid,818,577,77,0,77
20,9,paid,825,570,84,0,84
20,10,paid,832,563,91,0,91
20,11,paid,839,556,98,0,98
20,12,paid,846,549,105,0,105
20,13,paid,853,542,112,0,112
20,14,paid,860,535,119,0,119
20,15,paid,867,528,126,0,126
20,16,paid,874,521,133,0,133
20,17,paid,881,514,140,0,140
20,18,paid,888,507,147,0,147
20,19,rejected,895,500,154,0,154
20,20,rejected,902,493,161,0,161
21,0,hidden,777,618,0,0,0
21,1,paid,805,590,28,0,28
21,2,paid,812,583,35,0,35
21,3,paid,819,576,42,0,42
21,4,paid,826,569,49,0,49
21,5,paid,833,562,56,0,56
21,6,paid,840,555,63,0,63
21,7,paid,847,548,70,0,70
21,8,paid,854,541,77,0,77
21,9,paid,861,534,84,0,84
21,10,paid,868,527,91,0,91
21,11,paid,875,520,98,0,98
21,12,paid,882,513,105,0,105
21,13,paid,889,506,112,0,112
21,14,paid,896,499,119,0,119
21,15,paid,903,492,126,0,126
21,16,paid,910,485,133,0,133
21,17,paid,917,478,140,0,140
21,18,rejected,924,471,147,0,147
21,19,rejected,931,464,154,0,154
21,20,rejected,938,457,161,0,161
22,0,hidden,813,582,0,0,0
22,1,paid,841,554,28,0,28
22,2,paid,848,547,35,0,35
22,3,paid,855,540,42,0,42
22,4,paid,862,533,49,0,49
22,5,paid,869,526,56,0,56
22,6,paid,876,519,63,0,63
22,7,paid,883,512,70,0,70
22,8,paid,890,505,77,0,77
22,9,paid,897,498,84,0,84
22,10,paid,904,491,91,0,91
22,11,paid,911,484,98,0,98
22,12,paid,918,477,105,0,105
22,13,paid,925,470,112,0,112
22,14,paid,932,463,119,0,119
22,15,paid,939,456,126,0,126
22,16,paid,946,449,133,0,133
22,17,rejected,953,442,140,0,140
22,18,rejected,960,435,147,0,147
22,19,rejected,967,428,154,0,154
22,20,rejected,974,421,161,0,161
23,0,hidden,849,546,0,0,0
23,1,paid,877,518,28,0,28
23,2,paid,884,511,35,0,35
23,3,paid,891,504,42,0,42
23,4,paid,898,497,49,0,49
23,5,paid,905,490,56,0,56
23,6,paid,912,483,63,0,63
23,7,paid,919,476,70,0,70
23,8,paid,926,469,77,0,77
23,9,paid,933,462,84,0,84
23,10,paid,940,455,91,0,91
23,11,paid,947,448,98,0,98
23,12,paid,954,441,105,0,105
23,13,paid,961,434,112,0,112
23,14,paid,968,427,119,0,119
23,15,paid,975,420,126,0,126
23,16,rejected,982,413,133,0,133
23,17,rejected,989,406,140,0,140
23,18,rejected,996,399,147,0,147
23,19,rejected,1003,392,154,0,154
23,20,rejected,1010,385,161,0,161
24,0,hidden,885,510,0,0,0
24,1,paid,913,482,28,0,28
24,2,paid,920,475,35,0,35
24,3,paid,927,468,42,0,42
24,4,paid,934,461,49,0,49
24,5,paid,941,454,56,0,56
24,6,paid,948,447,63,0,63
24,7,paid,955,440,70,0,70
24,8,paid,962,433,77,0,77
24,9,paid,969,426,84,0,84
24,10,paid,976,419,91,0,91
24,11,paid,983,412,98,0,98
24,12,paid,990,405,105,0,105
24,13,paid,997,398,112,0,112
24,14,paid,1004,391,119,0,119
24,15,rejected,1011,384,126,0,126
24,16,rejected,1018,377,133,0,133
24,17,rejected,1025,370,140,0,140
24,18,rejected,1032,363,147,0,147
24,19,rejected,1039,356,154,0,154
24,20,rejected,1046,349,161,0,161
25,0,hidden,921,474,0,0,0
25,1,paid,949,446,28,0,28
25,2,paid,956,439,35,0,35
25,3,paid,963,432,42,0,42
25,4,paid,970,425,49,0,49
25,5,paid,977,418,56,0,56
25,6,paid,984,411,63,0,63
25,7,paid,991,404,70,0,70
25,8,paid,998,397,77,0,77
25,9,paid,1005,390,84,0,84
25,10,paid,1012,383,91,0,91
25,11,paid,1019,376,98,0,98
25,12,paid,1026,369,105,0,105
25,13,paid,1033,362,112,0,112
25,14,rejected,1040,355,119,0,119
25,15,rejected,1047,348,126,0,126
25,16,rejected,1054,341,133,0,133
25,17,rejected,1061,334,140,0,140
25,18,rejected,1068,327,147,0,147
25,19,rejected,1075,320,154,0,154
25,20,rejected,1082,313,161,0,161
26,0,hidden,957,438,0,0,0
26,1,paid,985,410,28,0,28
26,2,paid,992,403,35,0,35
26,3,paid,999,396,42,0,42
26,4,paid,1006,389,49,0,49
26,5,paid,1013,382,56,0,56
26,6,paid,1020,375,63,0,63
26,7,paid,1027,368,70,0,70
26,8,paid,1034,361,77,0,77
26,9,paid,1041,354,84,0,84
26,10,paid,1048,347,91,0,91
26,11,paid,1055,340,98,0,98
26,12,paid,1062,333,105,0,105
26,13,rejected,1069,326,112,0,112
26,14,rejected,1076,319,119,0,119
26,15,rejected,1083,312,126,0,126
26,16,rejected,1090,305,133,0,133
26,17,rejected,1097,298,140,0,140
26,18,rejected,1104,291,147,0,147
26,19,rejected,1111,284,154,0,154
26,20,rejected,1118,277,161,0,161
27,0,hidden,993,402,0,0,0
27,1,paid,1021,374,28,0,28
27,2,paid,1028,367,35,0,35
27,3,paid,1035,360,42,0,42
27,4,paid,1042,353,49,0,49
27,5,paid,1049,346,56,0,56
27,6,paid,1056,339,63,0,63
27,7,paid,1063,332,70,0,70
27,8,paid,1070,325,77,0,77
27,9,paid,1077,318,84,0,84
27,10,paid,1084,311,91,0,91
27,11,paid,1091,304,98,0,98
27,12,rejected,1098,297,105,0,105
27,13,rejected,1105,290,112,0,112
27,14,rejected,1112,283,119,0,119
27,15,rejected,1119,276,126,0,126
27,16,rejected,1126,269,133,0,133
27,17,rejected,1133,262,140,0,140
27,18,rejected,1140,255,147,0,147
27,19,rejected,1147,248,154,0,154
27,20,rejected,1154,241,161,0,161
28,0,hidden,1029,366,0,0,0
28,1,paid,1057,338,28,0,28
28,2,paid,1064,331,35,0,35
28,3,paid,1071,324,42,0,42
28,4,paid,1078,317,49,0,49
28,5,paid,1085,310,56,0,56
28,6,paid,1092,303,63,0,63
28,7,paid,1099,296,70,0,70
28,8,paid,1106,289,77,0,77
28,9,paid,1113,282,84,0,84
28,10,paid,1120,275,91,0,91
28,11,rejected,1127,268,98,0,98
28,12,rejected,1134,261,105,0,105
28,13,rejected,1141,254,112,0,112
28,14,rejected,1148,247,119,0,119
28,15,rejected,1155,240,126,0,126
28,16,rejected,1162,233,133,0,133
28,17,rejected,1169,226,140,0,140
28,18,rejected,1176,219,147,0,147
28,19,rejected,1183,212,154,0,154
28,20,rejected,1190,205,161,0,161
29,0,hidden,1065,330,0,0,0
29,1,paid,1093,302,28,0,28
29,2,paid,1100,295,35,0,35
29,3,paid,1107,288,42,0,42
29,4,paid,1114,281,49,0,49
29,5,paid,1121,274,56,0,56
29,6,paid,1128,267,63,0,63
29,7,paid,1135,260,70,0,70
29,8,paid,1142,253,77,0,77
29,9,paid,1149,246,84,0,84
29,10,rejected,1156,239,91,0,91
29,11,rejected,1163,232,98,0,98
29,12,rejected,1170,225,105,0,105
29,13,rejected,1177,218,112,0,112
29,14,rejected,1184,211,119,0,119
29,15,rejected,1191,204,126,0,126
29,16,rejected,1198,197,133,0,133
29,17,rejected,1205,190,140,0,140
29,18,rejected,1212,183,147,0,147
29,19,rejected,1219,176,154,0,154
29,20,rejected,1226,169,161,0,161
30,0,hidden,1101,294,0,0,0
30,1,paid,1129,266,28,0,28
30,2,paid,1136,259,35,0,35
30,3,paid,1143,252,42,0,42
30,4,paid,1150,245,49,0,49
30,5,paid,1157,238,56,0,56
30,6,paid,1164,231,63,0,63
30,7,paid,1171,224,70,0,70
30,8,paid,1178,217,77,0,77
30,9,rejected,1185,210,84,0,84
30,10,rejected,1192,203,91,0,91
30,11,rejected,1199,196,98,0,98
30,12,rejected,1206,189,105,0,105
30,13,rejected,1213,182,112,0,112
30,14,rejected,1220,175,119,0,119
30,15,rejected,1227,168,126,0,126
30,16,rejected,1234,161,133,0,133
30,17,rejected,1241,154,140,0,140
30,18,rejected,1248,147,147,0,147
30,19,rejected,1255,140,154,0,154
30,20,rejected,1262,133,161,0,161
31,0,hidden,1137,258,0,0,0
31,1,paid,1165,230,28,0,28
31,2,paid,1172,223,35,0,35
31,3,paid,1179,216,42,0,42
31,4,paid,1186,209,49,0,49
31,5,paid,1193,202,56,0,56
31,6,paid,1200,195,63,0,63
31,7,paid,1207,188,70,0,70
31,8,rejected,1214,181,77,0,77
31,9,rejected,1221,174,84,0,84
31,10,rejected,1228,167,91,0,91
31,11,rejected,1235,160,98,0,98
31,12,rejected,1242,153,105,0,105
31,13,rejected,1249,146,112,0,112
31,14,rejected,1256,139,119,0,119
31,15,rejected,1263,132,126,0,126
31,16,rejected,1270,125,133,0,133
31,17,rejected,1277,118,140,0,140
31,18,rejected,1284,111,147,0,147
31,19,rejected,1291,104,154,0,154
31,20,rejected,1298,97,161,0,161
32,0,hidden,1173,222,0,0,0
32,1,paid,1201,194,28,0,28
32,2,paid,1208,187,35,0,35
32,3,paid,1215,180,42,0,42
32,4,paid,1222,173,49,0,49
32,5,paid,1229,166,56,0,56
32,6,paid,1236,159,63,0,63
32,7,rejected,1243,152,70,0,70
32,8,rejected,1250,145,77,0,77
32,9,rejected,1257,138,84,0,84
32,10,rejected,1264,131,91,0,91
32,11,rejected,1271,124,98,0,98
32,12,rejected,1278,117,105,0,105
32,13,rejected,1285,110,112,0,112
32,14,rejected,1292,103,119,0,119
32,15,rejected,1299,96,126,0,126
32,16,rejected,1306,89,133,0,133
32,17,rejected,1313,82,140,0,140
32,18,rejected,1320,75,147,0,147
32,19,rejected,1327,68,154,0,154
32,20,rejected,1334,61,161,0,161
33,0,hidden,1209,186,0,0,0
33,1,paid,1237,158,28,0,28
33,2,paid,1244,151,35,0,35
33,3,paid,1251,144,42,0,42
33,4,paid,1258,137,49,0,49
33,5,paid,1265,130,56,0,56
33,6,rejected,1272,123,63,0,63
33,7,rejected,1279,116,70,0,70
33,8,rejected,1286,109,77,0,77
33,9,rejected,1293,102,84,0,84
33,10,rejected,1300,95,91,0,91
33,11,rejected,1307,88,98,0,98
33,12,rejected,1314,81,105,0,105
33,13,rejected,1321,74,112,0,112
33,14,rejected,1328,67,119,0,119
33,15,rejected,1335,60,126,0,126
33,16,rejected,1342,53,133,0,133
33,17,rejected,1349,46,140,0,140
33,18,rejected,1356,39,147,0,147
33,19,rejected,1363,32,154,0,154
33,20,rejected,1370,25,161,0,161
34,0,hidden,1245,150,0,0,0
34,1,paid,1273,122,28,0,28
34,2,paid,1280,115,35,0,35
34,3,paid,1287,108,42,0,42
34,4,paid,1294,101,49,0,49
34,5,rejected,1301,94,56,0,56
34,6,rejected,1308,87,63,0,63
34,7,rejected,1315,80,70,0,70
34,8,rejected,1322,73,77,0,77
34,9,rejected,1329,66,84,0,84
34,10,rejected,1336,59,91,0,91
34,11,rejected,1343,52,98,0,98
34,12,rejected,1350,45,105,0,105
34,13,rejected,1357,38,112,0,112
34,14,rejected,1364,31,119,0,119
34,15,rejected,1371,24,126,0,126
34,16,rejected,1378,17,133,0,133
34,17,rejected,1385,10,140,0,140
34,18,rejected,1392,3,147,0,147
34,19,rejected,1399,-4,154,0,154
34,20,rejected,1406,-11,161,0,161
35,0,hidden,1281,114,0,0,0
35,1,paid,1309,86,28,0,28
35,2,paid,1316,79,35,0,35
35,3,paid,1323,72,42,0,42
35,4,rejected,1330,65,49,0,49
35,5,rejected,1337,58,56,0,56
35,6,rejected,1344,51,63,0,63
35,7,rejected,1351,44,70,0,70
35,8,rejected,1358,37,77,0,77
35,9,rejected,1365,30,84,0,84
35,10,rejected,1372,23,91,0,91
35,11,rejected,1379,16,98,0,98
35,12,rejected,1386,9,105,0,105
35,13,rejected,1393,2,112,0,112
35,14,rejected,1400,-5,119,0,119
35,15,rejected,1407,-12,126,0,126
35,16,rejected,1414,-19,133,0,133
35,17,rejected,1421,-26,140,0,140
35,18,rejected,1428,-33,147,0,147
35,19,rejected,1435,-40,154,0,154
35,20,rejected,1442,-47,161,0,161
36,0,hidden,1317,78,0,0,0
36,1,paid,1345,50,28,0,28
36,2,paid,1352,43,35,0,35
36,3,rejected,1359,36,42,0,42
36,4,rejected,1366,29,49,0,49
36,5,rejected,1373,22,56,0,56
36,6,rejected,1380,15,63,0,63
36,7,rejected,1387,8,70,0,70
36,8,rejected,1394,1,77,0,77
36,9,rejected,1401,-6,84,0,84
36,10,rejected,1408,-13,91,0,91
36,11,rejected,1415,-20,98,0,98
36,12,rejected,1422,-27,105,0,105
36,13,rejected,1429,-34,112,0,112
36,14,rejected,1436,-41,119,0,119
36,15,rejected,1443,-48,126,0,126
36,16,rejected,1450,-55,133,0,133
36,17,rejected,1457,-62,140,0,140
36,18,rejected,1464,-69,147,0,147
36,19,rejected,1471,-76,154,0,154
36,20,rejected,1478,-83,161,0,161
37,0,hidden,1353,42,0,0,0
37,1,paid,1381,14,28,0,28
37,2,rejected,1388,7,35,0,35
37,3,rejected,1395,0,42,0,42
37,4,rejected,1402,-7,49,0,49
37,5,rejected,1409,-14,56,0,56
37,6,rejected,1416,-21,63,0,63
37,7,rejected,1423,-28,70,0,70
37,8,rejected,1430,-35,77,0,77
37,9,rejected,1437,-42,84,0,84
37,10,rejected,1444,-49,91,0,91
37,11,rejected,1451,-56,98,0,98
37,12,rejected,1458,-63,105,0,105
37,13,rejected,1465,-70,112,0,112
37,14,rejected,1472,-77,119,0,119
37,15,rejected,1479,-84,126,0,126
37,16,rejected,1486,-91,133,0,133
37,17,rejected,1493,-98,140,0,140
37,18,rejected,1500,-105,147,0,147
37,19,rejected,1507,-112,154,0,154
37,20,rejected,1514,-119,161,0,161
38,0,hidden,1389,6,0,0,0
38,1,rejected,1417,-22,28,0,28
38,2,rejected,1424,-29,35,0,35
38,3,rejected,1431,-36,42,0,42
38,4,rejected,1438,-43,49,0,49
38,5,rejected,1445,-50,56,0,56
38,6,rejected,1452,-57,63,0,63
38,7,rejected,1459,-64,70,0,70
38,8,rejected,1466,-71,77,0,77
38,9,rejected,1473,-78,84,0,84
38,10,rejected,1480,-85,91,0,91
38,11,rejected,1487,-92,98,0,98
38,12,rejected,1494,-99,105,0,105
38,13,rejected,1501,-106,112,0,112
38,14,rejected,1508,-113,119,0,119
38,15,rejected,1515,-120,126,0,126
38,16,rejected,1522,-127,133,0,133
38,17,rejected,1529,-134,140,0,140
38,18,rejected,1536,-141,147,0,147
38,19,rejected,1543,-148,154,0,154
38,20,rejected,1550,-155,161,0,161
39,0,rejected,1425,-30,0,0,0
39,1,rejected,1453,-58,28,0,28
39,2,rejected,1460,-65,35,0,35
39,3,rejected,1467,-72,42,0,42
39,4,rejected,1474,-79,49,0,49
39,5,rejected,1481,-86,56,0,56
39,6,rejected,1488,-93,63,0,63
39,7,rejected,1495,-100,70,0,70
39,8,rejected,1502,-107,77,0,77
39,9,rejected,1509,-114,84,0,84
39,10,rejected,1516,-121,91,0,91
39,11,rejected,1523,-128,98,0,98
39,12,rejected,1530,-135,105,0,105
39,13,rejected,1537,-142,112,0,112
39,14,rejected,1544,-149,119,0,119
39,15,rejected,1551,-156,126,0,126
39,16,rejected,1558,-163,133,0,133
39,17,rejected,1565,-170,140,0,140
39,18,rejected,1572,-177,147,0,147
39,19,rejected,1579,-184,154,0,154
39,20,rejected,1586,-191,161,0,161
40,0,rejected,1461,-66,0,0,0
40,1,rejected,1489,-94,28,0,28
40,2,rejected,1496,-101,35,0,35
40,3,rejected,1503,-108,42,0,42
40,4,rejected,1510,-115,49,0,49
40,5,rejected,1517,-122,56,0,56
40,6,rejected,1524,-129,63,0,63
40,7,rejected,1531,-136,70,0,70
40,8,rejected,1538,-143,77,0,77
40,9,rejected,1545,-150,84,0,84
40,10,rejected,1552,-157,91,0,91
40,11,rejected,1559,-164,98,0,98
40,12,rejected,1566,-171,105,0,105
40,13,rejected,1573,-178,112,0,112
40,14,rejected,1580,-185,119,0,119
40,15,rejected,1587,-192,126,0,126
40,16,rejected,1594,-199,133,0,133
40,17,rejected,1601,-206,140,0,140
40,18,rejected,1608,-213,147,0,147
40,19,rejected,1615,-220,154,0,154
40,20,rejected,1622,-227,161,0,161
41,0,rejected,1497,-102,0,0,0
41,1,rejected,1525,-130,28,0,28
41,2,rejected,1532,-137,35,0,35
41,3,rejected,1539,-144,42,0,42
41,4,rejected,1546,-151,49,0,49
41,5,rejected,1553,-158,56,0,56
41,6,rejected,1560,-165,63,0,63
41,7,rejected,1567,-172,70,0,70
41,8,rejected,1574,-179,77,0,77
41,9,rejected,1581,-186,84,0,84
41,10,rejected,1588,-193,91,0,91
41,11,rejected,1595,-200,98,0,98
41,12,rejected,1602,-207,105,0,105
41,13,rejected,1609,-214,112,0,112
41,14,rejected,1616,-221,119,0,119
41,15,rejected,1623,-228,126,0,126
41,16,rejected,1630,-235,133,0,133
41,17,rejected,1637,-242,140,0,140
41,18,rejected,1644,-249,147,0,147
41,19,rejected,1651,-256,154,0,154
41,20,rejected,1658,-263,161,0,161
42,0,rejected,1533,-138,0,0,0
42,1,rejected,1561,-166,28,0,28
42,2,rejected,1568,-173,35,0,35
42,3,rejected,1575,-180,42,0,42
42,4,rejected,1582,-187,49,0,49
42,5,rejected,1589,-194,56,0,56
42,6,rejected,1596,-201,63,0,63
42,7,rejected,1603,-208,70,0,70
42,8,rejected,1610,-215,77,0,77
42,9,rejected,1617,-222,84,0,84
42,10,rejected,1624,-229,91,0,91
42,11,rejected,1631,-236,98,0,98
42,12,rejected,1638,-243,105,0,105
42,13,rejected,1645,-250,112,0,112
42,14,rejected,1652,-257,119,0,119
42,15,rejected,1659,-264,126,0,126
42,16,rejected,1666,-271,133,0,133
42,17,rejected,1673,-278,140,0,140
42,18,rejected,1680,-285,147,0,147
42,19,rejected,1687,-292,154,0,154
42,20,rejected,1694,-299,161,0,161
43,0,rejected,1569,-174,0,0,0
43,1,rejected,1597,-202,28,0,28
43,2,rejected,1604,-209,35,0,35
43,3,rejected,1611,-216,42,0,42
43,4,rejected,1618,-223,49,0,49
43,5,rejected,1625,-230,56,0,56
43,6,rejected,1632,-237,63,0,63
43,7,rejected,1639,-244,70,0,70
43,8,rejected,1646,-251,77,0,77
43,9,rejected,1653,-258,84,0,84
43,10,rejected,1660,-265,91,0,91
43,11,rejected,1667,-272,98,0,98
43,12,rejected,1674,-279,105,0,105
43,13,rejected,1681,-286,112,0,112
43,14,rejected,1688,-293,119,0,119
43,15,rejected,1695,-300,126,0,126
43,16,rejected,1702,-307,133,0,133
43,17,rejected,1709,-314,140,0,140
43,18,rejected,1716,-321,147,0,147
43,19,rejected,1723,-328,154,0,154
43,20,rejected,1730,-335,161,0,161
44,0,rejected,1605,-210,0,0,0
44,1,rejected,1633,-238,28,0,28
44,2,rejected,1640,-245,35,0,35
44,3,rejected,1647,-252,42,0,42
44,4,rejected,1654,-259,49,0,49
44,5,rejected,1661,-266,56,0,56
44,6,rejected,1668,-273,63,0,63
44,7,rejected,1675,-280,70,0,70
44,8,rejected,1682,-287,77,0,77
44,9,rejected,1689,-294,84,0,84
44,10,rejected,1696,-301,91,0,91
44,11,rejected,1703,-308,98,0,98
44,12,rejected,1710,-315,105,0,105
44,13,rejected,1717,-322,112,0,112
44,14,rejected,1724,-329,119,0,119
44,15,rejected,1731,-336,126,0,126
44,16,rejected,1738,-343,133,0,133
44,17,rejected,1745,-350,140,0,140
44,18,rejected,1752,-357,147,0,147
44,19,rejected,1759,-364,154,0,154
44,20,rejected,1766,-371,161,0,161
45,0,rejected,1641,-246,0,0,0
45,1,rejected,1669,-274,28,0,28
45,2,rejected,1676,-281,35,0,35
45,3,rejected,1683,-288,42,0,42
45,4,rejected,1690,-295,49,0,49
45,5,rejected,1697,-302,56,0,56
45,6,rejected,1704,-309,63,0,63
45,7,rejected,1711,-316,70,0,70
45,8,rejected,1718,-323,77,0,77
45,9,rejected,1725,-330,84,0,84
45,10,rejected,1732,-337,91,0,91
45,11,rejected,1739,-344,98,0,98
45,12,rejected,1746,-351,105,0,105
45,13,rejected,1753,-358,112,0,112
45,14,rejected,1760,-365,119,0,119
45,15,rejected,1767,-372,126,0,126
45,16,rejected,1774,-379,133,0,133
45,17,rejected,1781,-386,140,0,140
45,18,rejected,1788,-393,147,0,147
45,19,rejected,1795,-400,154,0,154
45,20,rejected,1802,-407,161,0,161
